{
  "project_info": {
    "project_number": "250179112192",
    "firebase_url": "https://uber-cca5c-default-rtdb.firebaseio.com",
    "project_id": "uber-cca5c",
    "storage_bucket": "uber-cca5c.firebasestorage.app"
  },
  "client": [
    {
      "client_info": {
        "mobilesdk_app_id": "1:250179112192:android:69a70dfed6d08debf877e5",
        "android_client_info": {
          "package_name": "com.example.app.uber"
        }
      },
      "oauth_client": [],
      "api_key": [
        {
          "current_key": "AIzaSyDHnbnDQE5iiJNa6Lq0DUgVsNSfhZDYRuM"
        }
      ],
      "services": {
        "appinvite_service": {
          "other_platform_oauth_client": []
        }
      }
    }
  ],
  "configuration_version": "1"
}