{
  "project_info": {
    "project_number": "496848280108",
    "project_id": "uber-ff4f5",
    "storage_bucket": "uber-ff4f5.firebasestorage.app"
  },
  "client": [
    {
      "client_info": {
        "mobilesdk_app_id": "1:496848280108:android:2e3e3fe754e4b7eb15cf89",
        "android_client_info": {
          "package_name": "com.example.app.uber"
        }
      },
      "oauth_client": [],
      "api_key": [
        {
          "current_key": "AIzaSyBS8vldut5hX19d-5_bfL9RX2ZSPWcrkmg"
        }
      ],
      "services": {
        "appinvite_service": {
          "other_platform_oauth_client": []
        }
      }
    }
  ],
  "configuration_version": "1"
}